prey_max_transfer,prey_energy_reproduce,predator_energy_transfer,predator_energy_reproduce,nb_preys,nb_predators,time
0.3829552836740046,0.6155660444737817,0.5771142786311795,0.5439461617119986,3,0,181.0
0.3829552836740046,0.6155660444737817,0.5771142786311795,0.5439461617119986,21,0,224.0
0.3829552836740046,0.6155660444737817,0.5771142786311795,0.5439461617119986,3,0,247.0
0.47797887506927056,0.08555954031288505,0.7774029323599276,0.23868310957115263,1,0,122.0
0.47797887506927056,0.08555954031288505,0.7774029323599276,0.23868310957115263,19,0,132.0
0.47797887506927056,0.08555954031288505,0.7774029323599276,0.23868310957115263,88,17,501.0
0.34330881432750465,0.10147626416873289,0.6125616373642396,0.4840228627530946,79,16,501.0
0.34330881432750465,0.10147626416873289,0.6125616373642396,0.4840228627530946,77,13,501.0
0.34330881432750465,0.10147626416873289,0.6125616373642396,0.4840228627530946,154,3,501.0
0.26763879791591855,0.12540836684339102,0.4457315865171779,0.587623718536298,37,0,133.0
0.26763879791591855,0.12540836684339102,0.4457315865171779,0.587623718536298,20,10,501.0
0.26763879791591855,0.12540836684339102,0.4457315865171779,0.587623718536298,59,7,501.0
0.38500912811399424,0.7170563395173344,0.9346652850043696,0.9477721270649239,23,0,183.0
0.38500912811399424,0.7170563395173344,0.9346652850043696,0.9477721270649239,62,9,501.0
0.38500912811399424,0.7170563395173344,0.9346652850043696,0.9477721270649239,69,9,501.0
0.3859723419446254,0.4130643333041754,0.5866267099934919,0.30031186080660355,10,0,136.0
0.3859723419446254,0.4130643333041754,0.5866267099934919,0.30031186080660355,63,4,501.0
0.3859723419446254,0.4130643333041754,0.5866267099934919,0.30031186080660355,84,10,501.0
0.4113867622966763,0.36682782626316485,0.9778677422918179,0.7601735734215916,0,10,89.0
0.4113867622966763,0.36682782626316485,0.9778677422918179,0.7601735734215916,0,21,101.0
0.4113867622966763,0.36682782626316485,0.9778677422918179,0.7601735734215916,0,21,108.0
0.11906139365958134,0.4697449116948781,0.15770766476920034,0.5242876596264772,33,0,136.0
0.11906139365958134,0.4697449116948781,0.15770766476920034,0.5242876596264772,23,0,192.0
0.11906139365958134,0.4697449116948781,0.15770766476920034,0.5242876596264772,12,0,211.0
0.2289220055842472,0.25678930642498177,0.6164808478019536,0.6824663700021785,0,29,70.0
0.2289220055842472,0.25678930642498177,0.6164808478019536,0.6824663700021785,0,7,112.0
0.2289220055842472,0.25678930642498177,0.6164808478019536,0.6824663700021785,38,0,214.0
0.42339219328860683,0.578282140901726,0.1493629995882695,0.7712213534201516,20,0,120.0
0.42339219328860683,0.578282140901726,0.1493629995882695,0.7712213534201516,18,0,144.0
0.42339219328860683,0.578282140901726,0.1493629995882695,0.7712213534201516,46,8,501.0