<?xml version="1.0" encoding="ISO-8859-1"?>

<project name="ARCGrid ASCII data source">

  <title>ARCGrid ASCII data source</title>

  <body>
    
    <menu name="Overview">
      <!-- <item name="Goals" href="/goals.html"/> -->
      <!-- <item name="Features" href="/features.html"/> -->
      <!-- <item name="News and Status" href="/status.html"/> -->
      <!-- <item name="Getting Started" href="/start/index.html"/> -->
      <!-- <item name="Reference" href="/ref/index.html"/> -->
      <!-- <item name="Plugins" href="/plugins/index.html"/> -->
      <!-- <item name="Powered By" href="/powered.html"/> -->
    </menu>
        
        
        
        
      <links>
        <item name="geotools.org" href="http://www.geotools.org"></item>
        <item name="core" href="../core"></item>
        <item name="defaultcore" href="../defaultcore"></item>
        <item name="shapefile" href="../shapefile"></item>
        <item name="lite-rendering" href="../lite-rendering"></item>
        <item name="gmldatasource" href="../gmldatasource"></item>
        <item name="algorithms" href="../algorithms"></item>
        <item name="postgis" href="../postgis"></item>
        <item name="gui" href="../gui"></item>
        <item name="mysql" href="../mysql"></item>
        <item name="filter" href="../filter"></item>
        <item name="coordtrans" href="../cts-coordtrans"></item>
        <item name="sldstyling" href="../sldstyling"></item>
      </links>
    </body>
</project>

