int(self),prey_max_transfer,prey_energy_reproduce,predator_energy_transfer,predator_energy_reproduce,self.nb_predators,self.nb_preys
0,0.25,0.15,0.3,0.5,5,76
1,0.25,0.15,0.3,0.5,0,128
2,0.2,0.15,0.3,0.5,1,14
3,0.2,0.15,0.3,0.5,0,58
4,0.3,0.15,0.3,0.5,0,0
5,0.3,0.15,0.3,0.5,4,144
6,0.25,0.1,0.3,0.5,0,22
7,0.25,0.1,0.3,0.5,1,59
8,0.25,0.2,0.3,0.5,1,83
9,0.25,0.2,0.3,0.5,3,204
10,0.25,0.15,0.2,0.5,0,10
11,0.25,0.15,0.2,0.5,0,74
12,0.25,0.15,0.4,0.5,0,40
13,0.25,0.15,0.4,0.5,0,0
14,0.25,0.15,0.3,0.4,2,127
15,0.25,0.15,0.3,0.4,0,66
16,0.25,0.15,0.3,0.6,0,116
17,0.25,0.15,0.3,0.6,4,16
